"-105.565662,460.471879,Scripps Networks – HGTV"
"-105.009225,461.057280,Scripps Networks – HGTV"
"-105.003451,461.063057,Scripps Networks – HGTV"
"-105.003392,461.063115,Scripps Networks – HGTV"
"-105.003392,461.063116,Scripps Networks – HGTV"
"-105.003392,461.063116,Scripps Networks – HGTV"
"-105.003392,461.063116,Scripps Networks – HGTV"
"-105.003392,461.063116,Scripps Networks – HGTV"
"-105.003392,461.063116,Scripps Networks – HGTV"
"-105.003392,461.063116,Scripps Networks – HGTV"
"-105.003392,461.063116,Scripps Networks – HGTV"
"-105.003392,461.063116,Scripps Networks – HGTV"
"-105.003392,461.063116,Scripps Networks – HGTV"
"-105.003392,461.063116,Scripps Networks – HGTV"
"-105.003392,461.063116,Scripps Networks – HGTV"
"-105.003392,461.063116,Scripps Networks – HGTV"
"-105.003392,461.063116,Scripps Networks – HGTV"
"-105.003392,461.063116,Scripps Networks – HGTV"
"-105.003392,461.063116,Scripps Networks – HGTV"
"-105.003392,461.063116,Scripps Networks – HGTV"
"-105.003392,461.063116,Scripps Networks – HGTV"
"-105.003392,461.063116,Scripps Networks – HGTV"
"-105.003392,461.063116,Scripps Networks – HGTV"
"-105.003392,461.063116,Scripps Networks – HGTV"
"-105.003392,461.063116,Scripps Networks – HGTV"
"-105.003392,461.063116,Scripps Networks – HGTV"
"-105.003392,461.063116,Scripps Networks – HGTV"
"-105.003392,461.063116,Scripps Networks – HGTV"
"-105.003392,461.063116,Scripps Networks – HGTV"
"-105.003392,461.063116,Scripps Networks – HGTV"
"-105.003392,461.063116,Scripps Networks – HGTV"
"-105.565662,460.471879,Scripps Networks – HGTV"
"-105.009225,461.057280,Scripps Networks – HGTV"
"-105.003451,461.063057,Scripps Networks – HGTV"
"-105.003392,461.063115,Scripps Networks – HGTV"
"-105.003392,461.063116,Scripps Networks – HGTV"
"-105.003392,461.063116,Scripps Networks – HGTV"
"-105.003392,461.063116,Scripps Networks – HGTV"
"-105.003392,461.063116,Scripps Networks – HGTV"
"-105.003392,461.063116,Scripps Networks – HGTV"
"-105.003392,461.063116,Scripps Networks – HGTV"
"-105.003392,461.063116,Scripps Networks – HGTV"
"-105.003392,461.063116,Scripps Networks – HGTV"
"-105.003392,461.063116,Scripps Networks – HGTV"
"-105.003392,461.063116,Scripps Networks – HGTV"
"-105.003392,461.063116,Scripps Networks – HGTV"
"-105.003392,461.063116,Scripps Networks – HGTV"
"-105.003392,461.063116,Scripps Networks – HGTV"
"-105.003392,461.063116,Scripps Networks – HGTV"
"-105.003392,461.063116,Scripps Networks – HGTV"
"-105.003392,461.063116,Scripps Networks – HGTV"
"-105.003392,461.063116,Scripps Networks – HGTV"
"-105.003392,461.063116,Scripps Networks – HGTV"
"-105.003392,461.063116,Scripps Networks – HGTV"
"-105.003392,461.063116,Scripps Networks – HGTV"
"-105.003392,461.063116,Scripps Networks – HGTV"
"-105.003392,461.063116,Scripps Networks – HGTV"
"-105.003392,461.063116,Scripps Networks – HGTV"
"-105.003392,461.063116,Scripps Networks – HGTV"
"-105.003392,461.063116,Scripps Networks – HGTV"
"-105.003392,461.063116,Scripps Networks – HGTV"
"-105.003392,461.063116,Scripps Networks – HGTV"
"-105.565662,460.471879,Scripps Networks – HGTV"
"-105.009225,461.057280,Scripps Networks – HGTV"
"-105.003451,461.063057,Scripps Networks – HGTV"
"-105.003392,461.063115,Scripps Networks – HGTV"
"-105.003392,461.063116,Scripps Networks – HGTV"
"-105.003392,461.063116,Scripps Networks – HGTV"
"-105.003392,461.063116,Scripps Networks – HGTV"
"-105.003392,461.063116,Scripps Networks – HGTV"
"-105.003392,461.063116,Scripps Networks – HGTV"
"-105.003392,461.063116,Scripps Networks – HGTV"
"-105.003392,461.063116,Scripps Networks – HGTV"
"-105.003392,461.063116,Scripps Networks – HGTV"
"-105.003392,461.063116,Scripps Networks – HGTV"
"-105.003392,461.063116,Scripps Networks – HGTV"
"-105.003392,461.063116,Scripps Networks – HGTV"
"-105.003392,461.063116,Scripps Networks – HGTV"
"-105.003392,461.063116,Scripps Networks – HGTV"
"-105.003392,461.063116,Scripps Networks – HGTV"
"-105.003392,461.063116,Scripps Networks – HGTV"
"-105.003392,461.063116,Scripps Networks – HGTV"
"-105.003392,461.063116,Scripps Networks – HGTV"
"-105.003392,461.063116,Scripps Networks – HGTV"
"-105.003392,461.063116,Scripps Networks – HGTV"
"-105.003392,461.063116,Scripps Networks – HGTV"
"-105.003392,461.063116,Scripps Networks – HGTV"
"-105.003392,461.063116,Scripps Networks – HGTV"
"-105.003392,461.063116,Scripps Networks – HGTV"
"-105.003392,461.063116,Scripps Networks – HGTV"
"-105.003392,461.063116,Scripps Networks – HGTV"
"-105.003392,461.063116,Scripps Networks – HGTV"
"-105.003392,461.063116,Scripps Networks – HGTV"
"-105.565662,460.471879,Scripps Networks – HGTV"
"-105.009225,461.057280,Scripps Networks – HGTV"
"-105.003451,461.063057,Scripps Networks – HGTV"
"-105.003392,461.063115,Scripps Networks – HGTV"
"-105.003392,461.063116,Scripps Networks – HGTV"
"-105.003392,461.063116,Scripps Networks – HGTV"
"-105.003392,461.063116,Scripps Networks – HGTV"
"-105.003392,461.063116,Scripps Networks – HGTV"
"-105.003392,461.063116,Scripps Networks – HGTV"
"-105.003392,461.063116,Scripps Networks – HGTV"
"-105.003392,461.063116,Scripps Networks – HGTV"
"-105.003392,461.063116,Scripps Networks – HGTV"
"-105.003392,461.063116,Scripps Networks – HGTV"
"-105.003392,461.063116,Scripps Networks – HGTV"
"-105.003392,461.063116,Scripps Networks – HGTV"
"-105.003392,461.063116,Scripps Networks – HGTV"
"-105.003392,461.063116,Scripps Networks – HGTV"
"-105.003392,461.063116,Scripps Networks – HGTV"
"-105.003392,461.063116,Scripps Networks – HGTV"
"-105.003392,461.063116,Scripps Networks – HGTV"
"-105.003392,461.063116,Scripps Networks – HGTV"
"-105.003392,461.063116,Scripps Networks – HGTV"
"-105.003392,461.063116,Scripps Networks – HGTV"
"-105.003392,461.063116,Scripps Networks – HGTV"
"-105.003392,461.063116,Scripps Networks – HGTV"
"-105.003392,461.063116,Scripps Networks – HGTV"
"-105.003392,461.063116,Scripps Networks – HGTV"
"-105.003392,461.063116,Scripps Networks – HGTV"
"-105.003392,461.063116,Scripps Networks – HGTV"
"-105.003392,461.063116,Scripps Networks – HGTV"
"-105.003392,461.063116,Scripps Networks – HGTV"
"-105.565662,460.471879,Scripps Networks – HGTV"
"-105.009225,461.057280,Scripps Networks – HGTV"
"-105.003451,461.063057,Scripps Networks – HGTV"
"-105.003392,461.063115,Scripps Networks – HGTV"
"-105.003392,461.063116,Scripps Networks – HGTV"
"-105.003392,461.063116,Scripps Networks – HGTV"
"-105.003392,461.063116,Scripps Networks – HGTV"
"-105.003392,461.063116,Scripps Networks – HGTV"
"-105.003392,461.063116,Scripps Networks – HGTV"
"-105.003392,461.063116,Scripps Networks – HGTV"
"-105.003392,461.063116,Scripps Networks – HGTV"
"-105.003392,461.063116,Scripps Networks – HGTV"
"-105.003392,461.063116,Scripps Networks – HGTV"
"-105.003392,461.063116,Scripps Networks – HGTV"
"-105.003392,461.063116,Scripps Networks – HGTV"
"-105.003392,461.063116,Scripps Networks – HGTV"
"-105.003392,461.063116,Scripps Networks – HGTV"
"-105.003392,461.063116,Scripps Networks – HGTV"
"-105.003392,461.063116,Scripps Networks – HGTV"
"-105.003392,461.063116,Scripps Networks – HGTV"
"-105.003392,461.063116,Scripps Networks – HGTV"
"-105.003392,461.063116,Scripps Networks – HGTV"
"-105.003392,461.063116,Scripps Networks – HGTV"
"-105.003392,461.063116,Scripps Networks – HGTV"
"-105.003392,461.063116,Scripps Networks – HGTV"
"-105.003392,461.063116,Scripps Networks – HGTV"
"-105.003392,461.063116,Scripps Networks – HGTV"
"-105.003392,461.063116,Scripps Networks – HGTV"
"-105.003392,461.063116,Scripps Networks – HGTV"
"-105.003392,461.063116,Scripps Networks – HGTV"
"-105.003392,461.063116,Scripps Networks – HGTV"
"-105.565662,460.471879,Scripps Networks – HGTV"
"-105.009225,461.057280,Scripps Networks – HGTV"
"-105.003451,461.063057,Scripps Networks – HGTV"
"-105.003392,461.063115,Scripps Networks – HGTV"
"-105.003392,461.063116,Scripps Networks – HGTV"
"-105.003392,461.063116,Scripps Networks – HGTV"
"-105.003392,461.063116,Scripps Networks – HGTV"
"-105.003392,461.063116,Scripps Networks – HGTV"
"-105.003392,461.063116,Scripps Networks – HGTV"
"-105.003392,461.063116,Scripps Networks – HGTV"
"-105.003392,461.063116,Scripps Networks – HGTV"
"-105.003392,461.063116,Scripps Networks – HGTV"
"-105.003392,461.063116,Scripps Networks – HGTV"
"-105.003392,461.063116,Scripps Networks – HGTV"
"-105.003392,461.063116,Scripps Networks – HGTV"
"-105.003392,461.063116,Scripps Networks – HGTV"
"-105.003392,461.063116,Scripps Networks – HGTV"
"-105.003392,461.063116,Scripps Networks – HGTV"
"-105.003392,461.063116,Scripps Networks – HGTV"
"-105.003392,461.063116,Scripps Networks – HGTV"
"-105.003392,461.063116,Scripps Networks – HGTV"
"-105.003392,461.063116,Scripps Networks – HGTV"
"-105.003392,461.063116,Scripps Networks – HGTV"
"-105.003392,461.063116,Scripps Networks – HGTV"
"-105.003392,461.063116,Scripps Networks – HGTV"
"-105.003392,461.063116,Scripps Networks – HGTV"
"-105.003392,461.063116,Scripps Networks – HGTV"
"-105.003392,461.063116,Scripps Networks – HGTV"
"-105.003392,461.063116,Scripps Networks – HGTV"
"-105.003392,461.063116,Scripps Networks – HGTV"
"-105.003392,461.063116,Scripps Networks – HGTV"
"-105.565662,460.471879,Scripps Networks – HGTV"
"-105.009225,461.057280,Scripps Networks – HGTV"
"-105.003451,461.063057,Scripps Networks – HGTV"
"-105.003392,461.063115,Scripps Networks – HGTV"
"-105.003392,461.063116,Scripps Networks – HGTV"
"-105.003392,461.063116,Scripps Networks – HGTV"
"-105.003392,461.063116,Scripps Networks – HGTV"
"-105.003392,461.063116,Scripps Networks – HGTV"
"-105.003392,461.063116,Scripps Networks – HGTV"
"-105.003392,461.063116,Scripps Networks – HGTV"
"-105.003392,461.063116,Scripps Networks – HGTV"
"-105.003392,461.063116,Scripps Networks – HGTV"
"-105.003392,461.063116,Scripps Networks – HGTV"
"-105.003392,461.063116,Scripps Networks – HGTV"
"-105.003392,461.063116,Scripps Networks – HGTV"
"-105.003392,461.063116,Scripps Networks – HGTV"
"-105.003392,461.063116,Scripps Networks – HGTV"
"-105.003392,461.063116,Scripps Networks – HGTV"
"-105.003392,461.063116,Scripps Networks – HGTV"
"-105.003392,461.063116,Scripps Networks – HGTV"
"-105.003392,461.063116,Scripps Networks – HGTV"
"-105.003392,461.063116,Scripps Networks – HGTV"
"-105.003392,461.063116,Scripps Networks – HGTV"
"-105.003392,461.063116,Scripps Networks – HGTV"
"-105.003392,461.063116,Scripps Networks – HGTV"
"-105.003392,461.063116,Scripps Networks – HGTV"
"-105.003392,461.063116,Scripps Networks – HGTV"
"-105.003392,461.063116,Scripps Networks – HGTV"
"-105.003392,461.063116,Scripps Networks – HGTV"
"-105.003392,461.063116,Scripps Networks – HGTV"
"-105.003392,461.063116,Scripps Networks – HGTV"
"-105.565662,460.471879,Scripps Networks – HGTV"
"-105.009225,461.057280,Scripps Networks – HGTV"
"-105.003451,461.063057,Scripps Networks – HGTV"
"-105.003392,461.063115,Scripps Networks – HGTV"
"-105.003392,461.063116,Scripps Networks – HGTV"
"-105.003392,461.063116,Scripps Networks – HGTV"
"-105.003392,461.063116,Scripps Networks – HGTV"
"-105.003392,461.063116,Scripps Networks – HGTV"
"-105.003392,461.063116,Scripps Networks – HGTV"
"-105.003392,461.063116,Scripps Networks – HGTV"
"-105.003392,461.063116,Scripps Networks – HGTV"
"-105.003392,461.063116,Scripps Networks – HGTV"
"-105.003392,461.063116,Scripps Networks – HGTV"
"-105.003392,461.063116,Scripps Networks – HGTV"
"-105.003392,461.063116,Scripps Networks – HGTV"
"-105.003392,461.063116,Scripps Networks – HGTV"
"-105.003392,461.063116,Scripps Networks – HGTV"
"-105.003392,461.063116,Scripps Networks – HGTV"
"-105.003392,461.063116,Scripps Networks – HGTV"
"-105.003392,461.063116,Scripps Networks – HGTV"
"-105.003392,461.063116,Scripps Networks – HGTV"
"-105.003392,461.063116,Scripps Networks – HGTV"
"-105.003392,461.063116,Scripps Networks – HGTV"
"-105.003392,461.063116,Scripps Networks – HGTV"
"-105.003392,461.063116,Scripps Networks – HGTV"
"-105.003392,461.063116,Scripps Networks – HGTV"
"-105.003392,461.063116,Scripps Networks – HGTV"
"-105.003392,461.063116,Scripps Networks – HGTV"
"-105.003392,461.063116,Scripps Networks – HGTV"
"-105.003392,461.063116,Scripps Networks – HGTV"
"-105.003392,461.063116,Scripps Networks – HGTV"
"-105.565662,460.471879,Scripps Networks – HGTV"
"-105.009225,461.057280,Scripps Networks – HGTV"
"-105.003451,461.063057,Scripps Networks – HGTV"
"-105.003392,461.063115,Scripps Networks – HGTV"
"-105.003392,461.063116,Scripps Networks – HGTV"
"-105.003392,461.063116,Scripps Networks – HGTV"
"-105.003392,461.063116,Scripps Networks – HGTV"
"-105.003392,461.063116,Scripps Networks – HGTV"
"-105.003392,461.063116,Scripps Networks – HGTV"
"-105.003392,461.063116,Scripps Networks – HGTV"
"-105.003392,461.063116,Scripps Networks – HGTV"
"-105.003392,461.063116,Scripps Networks – HGTV"
"-105.003392,461.063116,Scripps Networks – HGTV"
"-105.003392,461.063116,Scripps Networks – HGTV"
"-105.003392,461.063116,Scripps Networks – HGTV"
"-105.003392,461.063116,Scripps Networks – HGTV"
"-105.003392,461.063116,Scripps Networks – HGTV"
"-105.003392,461.063116,Scripps Networks – HGTV"
"-105.003392,461.063116,Scripps Networks – HGTV"
"-105.003392,461.063116,Scripps Networks – HGTV"
"-105.003392,461.063116,Scripps Networks – HGTV"
"-105.003392,461.063116,Scripps Networks – HGTV"
"-105.003392,461.063116,Scripps Networks – HGTV"
"-105.003392,461.063116,Scripps Networks – HGTV"
"-105.003392,461.063116,Scripps Networks – HGTV"
"-105.003392,461.063116,Scripps Networks – HGTV"
"-105.003392,461.063116,Scripps Networks – HGTV"
"-105.003392,461.063116,Scripps Networks – HGTV"
"-105.003392,461.063116,Scripps Networks – HGTV"
"-105.003392,461.063116,Scripps Networks – HGTV"
"-105.003392,461.063116,Scripps Networks – HGTV"
"-105.565662,460.471879,Scripps Networks – HGTV"
"-105.009225,461.057280,Scripps Networks – HGTV"
"-105.003451,461.063057,Scripps Networks – HGTV"
"-105.003392,461.063115,Scripps Networks – HGTV"
"-105.003392,461.063116,Scripps Networks – HGTV"
"-105.003392,461.063116,Scripps Networks – HGTV"
"-105.003392,461.063116,Scripps Networks – HGTV"
"-105.003392,461.063116,Scripps Networks – HGTV"
"-105.003392,461.063116,Scripps Networks – HGTV"
"-105.003392,461.063116,Scripps Networks – HGTV"
"-105.003392,461.063116,Scripps Networks – HGTV"
"-105.003392,461.063116,Scripps Networks – HGTV"
"-105.003392,461.063116,Scripps Networks – HGTV"
"-105.003392,461.063116,Scripps Networks – HGTV"
"-105.003392,461.063116,Scripps Networks – HGTV"
"-105.003392,461.063116,Scripps Networks – HGTV"
"-105.003392,461.063116,Scripps Networks – HGTV"
"-105.003392,461.063116,Scripps Networks – HGTV"
"-105.003392,461.063116,Scripps Networks – HGTV"
"-105.003392,461.063116,Scripps Networks – HGTV"
"-105.003392,461.063116,Scripps Networks – HGTV"
"-105.003392,461.063116,Scripps Networks – HGTV"
"-105.003392,461.063116,Scripps Networks – HGTV"
"-105.003392,461.063116,Scripps Networks – HGTV"
"-105.003392,461.063116,Scripps Networks – HGTV"
"-105.003392,461.063116,Scripps Networks – HGTV"
"-105.003392,461.063116,Scripps Networks – HGTV"
"-105.003392,461.063116,Scripps Networks – HGTV"
"-105.003392,461.063116,Scripps Networks – HGTV"
"-105.003392,461.063116,Scripps Networks – HGTV"
"-105.003392,461.063116,Scripps Networks – HGTV"
"-105.565662,460.471879,Scripps Networks – HGTV"
"-105.009225,461.057280,Scripps Networks – HGTV"
"-105.003451,461.063057,Scripps Networks – HGTV"
"-105.003392,461.063115,Scripps Networks – HGTV"
"-105.003392,461.063116,Scripps Networks – HGTV"
"-105.003392,461.063116,Scripps Networks – HGTV"
"-105.003392,461.063116,Scripps Networks – HGTV"
"-105.003392,461.063116,Scripps Networks – HGTV"
"-105.003392,461.063116,Scripps Networks – HGTV"
"-105.003392,461.063116,Scripps Networks – HGTV"
"-105.003392,461.063116,Scripps Networks – HGTV"
"-105.003392,461.063116,Scripps Networks – HGTV"
"-105.003392,461.063116,Scripps Networks – HGTV"
"-105.003392,461.063116,Scripps Networks – HGTV"
"-105.003392,461.063116,Scripps Networks – HGTV"
"-105.003392,461.063116,Scripps Networks – HGTV"
"-105.003392,461.063116,Scripps Networks – HGTV"
"-105.003392,461.063116,Scripps Networks – HGTV"
"-105.003392,461.063116,Scripps Networks – HGTV"
"-105.003392,461.063116,Scripps Networks – HGTV"
"-105.003392,461.063116,Scripps Networks – HGTV"
"-105.003392,461.063116,Scripps Networks – HGTV"
"-105.003392,461.063116,Scripps Networks – HGTV"
"-105.003392,461.063116,Scripps Networks – HGTV"
"-105.003392,461.063116,Scripps Networks – HGTV"
"-105.003392,461.063116,Scripps Networks – HGTV"
"-105.003392,461.063116,Scripps Networks – HGTV"
"-105.003392,461.063116,Scripps Networks – HGTV"
"-105.003392,461.063116,Scripps Networks – HGTV"
"-105.003392,461.063116,Scripps Networks – HGTV"
"-105.003392,461.063116,Scripps Networks – HGTV"
"-105.565662,460.471879,Scripps Networks – HGTV"
"-105.009225,461.057280,Scripps Networks – HGTV"
"-105.003451,461.063057,Scripps Networks – HGTV"
"-105.003392,461.063115,Scripps Networks – HGTV"
"-105.003392,461.063116,Scripps Networks – HGTV"
"-105.003392,461.063116,Scripps Networks – HGTV"
"-105.003392,461.063116,Scripps Networks – HGTV"
"-105.003392,461.063116,Scripps Networks – HGTV"
"-105.003392,461.063116,Scripps Networks – HGTV"
"-105.003392,461.063116,Scripps Networks – HGTV"
"-105.003392,461.063116,Scripps Networks – HGTV"
"-105.003392,461.063116,Scripps Networks – HGTV"
"-105.003392,461.063116,Scripps Networks – HGTV"
"-105.003392,461.063116,Scripps Networks – HGTV"
"-105.003392,461.063116,Scripps Networks – HGTV"
"-105.003392,461.063116,Scripps Networks – HGTV"
"-105.003392,461.063116,Scripps Networks – HGTV"
"-105.003392,461.063116,Scripps Networks – HGTV"
"-105.003392,461.063116,Scripps Networks – HGTV"
"-105.003392,461.063116,Scripps Networks – HGTV"
"-105.003392,461.063116,Scripps Networks – HGTV"
"-105.003392,461.063116,Scripps Networks – HGTV"
"-105.003392,461.063116,Scripps Networks – HGTV"
"-105.003392,461.063116,Scripps Networks – HGTV"
"-105.003392,461.063116,Scripps Networks – HGTV"
"-105.003392,461.063116,Scripps Networks – HGTV"
"-105.003392,461.063116,Scripps Networks – HGTV"
"-105.003392,461.063116,Scripps Networks – HGTV"
"-105.003392,461.063116,Scripps Networks – HGTV"
"-105.003392,461.063116,Scripps Networks – HGTV"
"-105.003392,461.063116,Scripps Networks – HGTV"
"-105.565662,460.471879,Scripps Networks – HGTV"
"-105.009225,461.057280,Scripps Networks – HGTV"
"-105.003451,461.063057,Scripps Networks – HGTV"
"-105.003392,461.063115,Scripps Networks – HGTV"
"-105.003392,461.063116,Scripps Networks – HGTV"
"-105.003392,461.063116,Scripps Networks – HGTV"
"-105.003392,461.063116,Scripps Networks – HGTV"
"-105.003392,461.063116,Scripps Networks – HGTV"
"-105.003392,461.063116,Scripps Networks – HGTV"
"-105.003392,461.063116,Scripps Networks – HGTV"
"-105.003392,461.063116,Scripps Networks – HGTV"
"-105.003392,461.063116,Scripps Networks – HGTV"
"-105.003392,461.063116,Scripps Networks – HGTV"
"-105.003392,461.063116,Scripps Networks – HGTV"
"-105.003392,461.063116,Scripps Networks – HGTV"
"-105.003392,461.063116,Scripps Networks – HGTV"
"-105.003392,461.063116,Scripps Networks – HGTV"
"-105.003392,461.063116,Scripps Networks – HGTV"
"-105.003392,461.063116,Scripps Networks – HGTV"
"-105.003392,461.063116,Scripps Networks – HGTV"
"-105.003392,461.063116,Scripps Networks – HGTV"
"-105.003392,461.063116,Scripps Networks – HGTV"
"-105.003392,461.063116,Scripps Networks – HGTV"
"-105.003392,461.063116,Scripps Networks – HGTV"
"-105.003392,461.063116,Scripps Networks – HGTV"
"-105.003392,461.063116,Scripps Networks – HGTV"
"-105.003392,461.063116,Scripps Networks – HGTV"
"-105.003392,461.063116,Scripps Networks – HGTV"
"-105.003392,461.063116,Scripps Networks – HGTV"
"-105.003392,461.063116,Scripps Networks – HGTV"
"-105.003392,461.063116,Scripps Networks – HGTV"
"-105.565662,460.471879,Scripps Networks – HGTV"
"-105.009225,461.057280,Scripps Networks – HGTV"
"-105.003451,461.063057,Scripps Networks – HGTV"
"-105.003392,461.063115,Scripps Networks – HGTV"
"-105.003392,461.063116,Scripps Networks – HGTV"
"-105.003392,461.063116,Scripps Networks – HGTV"
"-105.003392,461.063116,Scripps Networks – HGTV"
"-105.003392,461.063116,Scripps Networks – HGTV"
"-105.003392,461.063116,Scripps Networks – HGTV"
"-105.003392,461.063116,Scripps Networks – HGTV"
"-105.003392,461.063116,Scripps Networks – HGTV"
"-105.003392,461.063116,Scripps Networks – HGTV"
"-105.003392,461.063116,Scripps Networks – HGTV"
"-105.003392,461.063116,Scripps Networks – HGTV"
"-105.003392,461.063116,Scripps Networks – HGTV"
"-105.003392,461.063116,Scripps Networks – HGTV"
"-105.003392,461.063116,Scripps Networks – HGTV"
"-105.003392,461.063116,Scripps Networks – HGTV"
"-105.003392,461.063116,Scripps Networks – HGTV"
"-105.003392,461.063116,Scripps Networks – HGTV"
"-105.003392,461.063116,Scripps Networks – HGTV"
"-105.003392,461.063116,Scripps Networks – HGTV"
"-105.003392,461.063116,Scripps Networks – HGTV"
"-105.003392,461.063116,Scripps Networks – HGTV"
"-105.003392,461.063116,Scripps Networks – HGTV"
"-105.003392,461.063116,Scripps Networks – HGTV"
"-105.003392,461.063116,Scripps Networks – HGTV"
"-105.003392,461.063116,Scripps Networks – HGTV"
"-105.003392,461.063116,Scripps Networks – HGTV"
"-105.003392,461.063116,Scripps Networks – HGTV"
"-105.003392,461.063116,Scripps Networks – HGTV"
"-105.565662,460.471879,Scripps Networks – HGTV"
"-105.009225,461.057280,Scripps Networks – HGTV"
"-105.003451,461.063057,Scripps Networks – HGTV"
"-105.003392,461.063115,Scripps Networks – HGTV"
"-105.003392,461.063116,Scripps Networks – HGTV"
"-105.003392,461.063116,Scripps Networks – HGTV"
"-105.003392,461.063116,Scripps Networks – HGTV"
"-105.003392,461.063116,Scripps Networks – HGTV"
"-105.003392,461.063116,Scripps Networks – HGTV"
"-105.003392,461.063116,Scripps Networks – HGTV"
"-105.003392,461.063116,Scripps Networks – HGTV"
"-105.003392,461.063116,Scripps Networks – HGTV"
"-105.003392,461.063116,Scripps Networks – HGTV"
"-105.003392,461.063116,Scripps Networks – HGTV"
"-105.003392,461.063116,Scripps Networks – HGTV"
"-105.003392,461.063116,Scripps Networks – HGTV"
"-105.003392,461.063116,Scripps Networks – HGTV"
"-105.003392,461.063116,Scripps Networks – HGTV"
"-105.003392,461.063116,Scripps Networks – HGTV"
"-105.003392,461.063116,Scripps Networks – HGTV"
"-105.003392,461.063116,Scripps Networks – HGTV"
"-105.003392,461.063116,Scripps Networks – HGTV"
"-105.003392,461.063116,Scripps Networks – HGTV"
"-105.003392,461.063116,Scripps Networks – HGTV"
"-105.003392,461.063116,Scripps Networks – HGTV"
"-105.003392,461.063116,Scripps Networks – HGTV"
"-105.003392,461.063116,Scripps Networks – HGTV"
"-105.003392,461.063116,Scripps Networks – HGTV"
"-105.003392,461.063116,Scripps Networks – HGTV"
"-105.003392,461.063116,Scripps Networks – HGTV"
"-105.003392,461.063116,Scripps Networks – HGTV"
"-105.565662,460.471879,Scripps Networks – HGTV"
"-105.009225,461.057280,Scripps Networks – HGTV"
"-105.003451,461.063057,Scripps Networks – HGTV"
"-105.003392,461.063115,Scripps Networks – HGTV"
"-105.003392,461.063116,Scripps Networks – HGTV"
"-105.003392,461.063116,Scripps Networks – HGTV"
"-105.003392,461.063116,Scripps Networks – HGTV"
"-105.003392,461.063116,Scripps Networks – HGTV"
"-105.003392,461.063116,Scripps Networks – HGTV"
"-105.003392,461.063116,Scripps Networks – HGTV"
"-105.003392,461.063116,Scripps Networks – HGTV"
"-105.003392,461.063116,Scripps Networks – HGTV"
"-105.003392,461.063116,Scripps Networks – HGTV"
"-105.003392,461.063116,Scripps Networks – HGTV"
"-105.003392,461.063116,Scripps Networks – HGTV"
"-105.003392,461.063116,Scripps Networks – HGTV"
"-105.003392,461.063116,Scripps Networks – HGTV"
"-105.003392,461.063116,Scripps Networks – HGTV"
"-105.003392,461.063116,Scripps Networks – HGTV"
"-105.003392,461.063116,Scripps Networks – HGTV"
"-105.003392,461.063116,Scripps Networks – HGTV"
"-105.003392,461.063116,Scripps Networks – HGTV"
"-105.003392,461.063116,Scripps Networks – HGTV"
"-105.003392,461.063116,Scripps Networks – HGTV"
"-105.003392,461.063116,Scripps Networks – HGTV"
"-105.003392,461.063116,Scripps Networks – HGTV"
"-105.003392,461.063116,Scripps Networks – HGTV"
"-105.003392,461.063116,Scripps Networks – HGTV"
"-105.003392,461.063116,Scripps Networks – HGTV"
"-105.003392,461.063116,Scripps Networks – HGTV"
"-105.003392,461.063116,Scripps Networks – HGTV"
"-105.565662,460.471879,Scripps Networks – HGTV"
"-105.009225,461.057280,Scripps Networks – HGTV"
"-105.003451,461.063057,Scripps Networks – HGTV"
"-105.003392,461.063115,Scripps Networks – HGTV"
"-105.003392,461.063116,Scripps Networks – HGTV"
"-105.003392,461.063116,Scripps Networks – HGTV"
"-105.003392,461.063116,Scripps Networks – HGTV"
"-105.003392,461.063116,Scripps Networks – HGTV"
"-105.003392,461.063116,Scripps Networks – HGTV"
"-105.003392,461.063116,Scripps Networks – HGTV"
"-105.003392,461.063116,Scripps Networks – HGTV"
"-105.003392,461.063116,Scripps Networks – HGTV"
"-105.003392,461.063116,Scripps Networks – HGTV"
"-105.003392,461.063116,Scripps Networks – HGTV"
"-105.003392,461.063116,Scripps Networks – HGTV"
"-105.003392,461.063116,Scripps Networks – HGTV"
"-105.003392,461.063116,Scripps Networks – HGTV"
"-105.003392,461.063116,Scripps Networks – HGTV"
"-105.003392,461.063116,Scripps Networks – HGTV"
"-105.003392,461.063116,Scripps Networks – HGTV"
"-105.003392,461.063116,Scripps Networks – HGTV"
"-105.003392,461.063116,Scripps Networks – HGTV"
"-105.003392,461.063116,Scripps Networks – HGTV"
"-105.003392,461.063116,Scripps Networks – HGTV"
"-105.003392,461.063116,Scripps Networks – HGTV"
"-105.003392,461.063116,Scripps Networks – HGTV"
"-105.003392,461.063116,Scripps Networks – HGTV"
"-105.003392,461.063116,Scripps Networks – HGTV"
"-105.003392,461.063116,Scripps Networks – HGTV"
"-105.003392,461.063116,Scripps Networks – HGTV"
"-105.003392,461.063116,Scripps Networks – HGTV"
"-105.565662,460.471879,Scripps Networks – HGTV"
"-105.009225,461.057280,Scripps Networks – HGTV"
"-105.003451,461.063057,Scripps Networks – HGTV"
"-105.003392,461.063115,Scripps Networks – HGTV"
"-105.003392,461.063116,Scripps Networks – HGTV"
"-105.003392,461.063116,Scripps Networks – HGTV"
"-105.003392,461.063116,Scripps Networks – HGTV"
"-105.003392,461.063116,Scripps Networks – HGTV"
"-105.003392,461.063116,Scripps Networks – HGTV"
"-105.003392,461.063116,Scripps Networks – HGTV"
"-105.003392,461.063116,Scripps Networks – HGTV"
"-105.003392,461.063116,Scripps Networks – HGTV"
"-105.003392,461.063116,Scripps Networks – HGTV"
"-105.003392,461.063116,Scripps Networks – HGTV"
"-105.003392,461.063116,Scripps Networks – HGTV"
"-105.003392,461.063116,Scripps Networks – HGTV"
"-105.003392,461.063116,Scripps Networks – HGTV"
"-105.003392,461.063116,Scripps Networks – HGTV"
"-105.003392,461.063116,Scripps Networks – HGTV"
"-105.003392,461.063116,Scripps Networks – HGTV"
"-105.003392,461.063116,Scripps Networks – HGTV"
"-105.003392,461.063116,Scripps Networks – HGTV"
"-105.003392,461.063116,Scripps Networks – HGTV"
"-105.003392,461.063116,Scripps Networks – HGTV"
"-105.003392,461.063116,Scripps Networks – HGTV"
"-105.003392,461.063116,Scripps Networks – HGTV"
"-105.003392,461.063116,Scripps Networks – HGTV"
"-105.003392,461.063116,Scripps Networks – HGTV"
"-105.003392,461.063116,Scripps Networks – HGTV"
"-105.003392,461.063116,Scripps Networks – HGTV"
"-105.003392,461.063116,Scripps Networks – HGTV"
